DateTime,temp,wind_speed,pressure,humidity,rain,hr_sin,hr_cos,mnth_sin,mnth_cos
1/16/2021 6:00,17.63,0,1003.03,98.24,0,1,6.12E-17,0,1
1/16/2021 6:10,17.6,0,1003.06,98.64,0,1,6.12E-17,0,1
1/16/2021 6:20,17.44,0,1003.03,98.5,0,1,6.12E-17,0,1
1/16/2021 6:30,17.17,0,1003.03,98.31,0,1,6.12E-17,0,1
1/16/2021 6:40,17.11,0,1003.16,98.73,0,1,6.12E-17,0,1
1/16/2021 6:50,17.14,0,1003.34,99.06,0,1,6.12E-17,0,1
1/16/2021 7:00,17.34,0,1003.49,99.57,0,0.965925826,-0.258819045,0,1
1/16/2021 7:10,17.48,0,1003.67,99.68,0,0.965925826,-0.258819045,0,1
1/16/2021 7:20,17.62,0,1003.87,99.68,0,0.965925826,-0.258819045,0,1
1/16/2021 7:30,18.12,0,1004.17,99.51,0,0.965925826,-0.258819045,0,1
1/16/2021 7:40,19.16,0,1004.47,97.79,0,0.965925826,-0.258819045,0,1
1/16/2021 7:50,20,0,1004.79,93.9,0,0.965925826,-0.258819045,0,1
1/16/2021 8:00,21.76,0,1005.19,88.27,0,0.866025404,-0.5,0,1
1/16/2021 8:10,22.74,0,1005.6,83.51,0,0.866025404,-0.5,0,1
1/16/2021 8:20,23.27,0,1006.02,79.9,0,0.866025404,-0.5,0,1
1/16/2021 8:30,24.42,0,1006.35,76.86,0,0.866025404,-0.5,0,1
1/16/2021 8:40,25.26,1.24,1006.82,70,0,0.866025404,-0.5,0,1
1/16/2021 8:50,25.73,1.03,1007.12,68.87,0,0.866025404,-0.5,0,1
1/16/2021 9:00,26.26,1.52,1007.35,64.81,0,0.707106781,-0.707106781,0,1
1/16/2021 9:10,26.57,1.27,1007.63,63.4,0,0.707106781,-0.707106781,0,1
1/16/2021 9:20,27.21,1.29,1007.86,61.66,0,0.707106781,-0.707106781,0,1
1/16/2021 9:30,27.6,1.38,1008.1,60,0,0.707106781,-0.707106781,0,1
1/16/2021 9:40,27.83,1.68,1008.25,59.85,0,0.707106781,-0.707106781,0,1
1/16/2021 9:50,28.16,1.88,1008.53,60,0,0.707106781,-0.707106781,0,1
1/16/2021 10:00,28.04,2.07,1008.76,60,0,0.5,-0.866025404,0,1
1/16/2021 10:10,28.18,2.38,1009.06,59.57,0,0.5,-0.866025404,0,1
1/16/2021 10:20,28.37,2.1,1009.33,59.87,0,0.5,-0.866025404,0,1
1/16/2021 10:30,28.68,2.2,1009.58,58.53,0,0.5,-0.866025404,0,1
1/16/2021 10:40,29.14,1.99,1009.81,57.23,0,0.5,-0.866025404,0,1
1/16/2021 10:50,29.57,2.34,1009.94,55.83,0,0.5,-0.866025404,0,1
1/16/2021 11:00,29.18,2.36,1009.88,54.43,0,0.258819045,-0.965925826,0,1
1/16/2021 11:10,28.31,1.69,1009.36,56.28,0,0.258819045,-0.965925826,0,1
1/16/2021 11:20,28.98,2.85,1009.31,54.99,0,0.258819045,-0.965925826,0,1
1/16/2021 11:30,29.31,2.56,1009.41,53.16,0,0.258819045,-0.965925826,0,1
1/16/2021 11:40,29.11,2.39,1009.09,54.31,0,0.258819045,-0.965925826,0,1
1/16/2021 11:50,30,1.96,1009.19,52.32,0,0.258819045,-0.965925826,0,1
1/16/2021 12:00,30,2.44,1009.16,51.36,0,1.22E-16,-1,0,1
1/16/2021 12:10,29.59,2.65,1008.66,52.28,0,1.22E-16,-1,0,1
1/16/2021 12:20,29.85,3.03,1008.56,49.29,0,1.22E-16,-1,0,1
1/16/2021 12:30,29.57,2.3,1008.15,49.58,0,1.22E-16,-1,0,1
1/16/2021 12:40,30,2.33,1008.1,47.64,0,1.22E-16,-1,0,1
1/16/2021 12:50,30,2.77,1007.9,45.98,0,1.22E-16,-1,0,1
1/16/2021 13:00,30,2.03,1007.6,43.42,0,-0.258819045,-0.965925826,0,1
1/16/2021 13:10,31.13,2.91,1007.38,42.09,0,-0.258819045,-0.965925826,0,1
1/16/2021 13:20,30,2.58,1007.15,41.33,0,-0.258819045,-0.965925826,0,1
1/16/2021 13:30,31.03,3,1006.87,40,0,-0.258819045,-0.965925826,0,1
1/16/2021 13:40,30,3.23,1006.67,41.81,0,-0.258819045,-0.965925826,0,1
1/16/2021 13:50,30,3.35,1006.47,41.97,0,-0.258819045,-0.965925826,0,1
1/16/2021 14:00,30,2.9,1006.23,41.21,0,-0.5,-0.866025404,0,1
1/16/2021 14:10,30,2.74,1006.09,41.03,0,-0.5,-0.866025404,0,1
1/16/2021 14:20,30,2.9,1006,41.13,0,-0.5,-0.866025404,0,1
1/16/2021 14:30,30,2.81,1005.89,40,0,-0.5,-0.866025404,0,1
1/16/2021 14:40,30,3.1,1005.82,43.13,0,-0.5,-0.866025404,0,1
1/16/2021 14:50,29.89,2.76,1005.69,45.2,0,-0.5,-0.866025404,0,1
1/16/2021 15:00,30,2.52,1005.7,45.76,0,-0.707106781,-0.707106781,0,1
1/16/2021 15:10,29.9,2.44,1005.77,44.39,0,-0.707106781,-0.707106781,0,1
1/16/2021 15:20,29.71,2.9,1005.77,44.11,0,-0.707106781,-0.707106781,0,1
1/16/2021 15:30,29.97,2.07,1005.8,43.64,0,-0.707106781,-0.707106781,0,1
1/16/2021 15:40,30,2.42,1005.97,41.21,0,-0.707106781,-0.707106781,0,1
1/16/2021 15:50,29.97,2.04,1006.09,42.2,0,-0.707106781,-0.707106781,0,1
1/16/2021 16:00,30,2.4,1006.27,42.51,0,-0.866025404,-0.5,0,1
1/16/2021 16:10,29.8,2.41,1006.32,45.91,0,-0.866025404,-0.5,0,1
1/16/2021 16:20,29.29,2.08,1006.35,46.89,0,-0.866025404,-0.5,0,1
1/16/2021 16:30,29.29,2.11,1006.45,47.64,0,-0.866025404,-0.5,0,1
1/16/2021 16:40,28.96,2.42,1006.4,48.43,0,-0.866025404,-0.5,0,1
1/16/2021 16:50,28.69,2.06,1006.42,51.04,0,-0.866025404,-0.5,0,1
1/16/2021 17:00,28.57,1.67,1006.47,51.55,0,-0.965925826,-0.258819045,0,1
1/16/2021 17:10,28.53,1.03,1006.45,49.84,0,-0.965925826,-0.258819045,0,1
1/16/2021 17:20,28.72,0,1006.52,48.03,0,-0.965925826,-0.258819045,0,1
1/16/2021 17:30,28.34,1.09,1006.53,48.39,0,-0.965925826,-0.258819045,0,1
1/16/2021 17:40,27.8,0,1006.45,52.28,0,-0.965925826,-0.258819045,0,1
1/16/2021 17:50,27.08,0,1006.3,56.24,0,-0.965925826,-0.258819045,0,1
1/16/2021 18:00,25.99,0,1005.94,61.07,0,-1,-1.84E-16,0,1
1/16/2021 18:10,25.15,0,1005.55,64.47,0,-1,-1.84E-16,0,1
1/16/2021 18:20,23.84,0,1005.15,69.59,0,-1,-1.84E-16,0,1
1/16/2021 18:30,23.05,0,1004.8,72.91,0,-1,-1.84E-16,0,1
1/16/2021 18:40,22.52,0,1004.59,76.02,0,-1,-1.84E-16,0,1
1/16/2021 18:50,21.97,0,1004.41,78.76,0,-1,-1.84E-16,0,1
1/16/2021 19:00,21.43,0,1004.34,81.82,0,-0.965925826,0.258819045,0,1
1/16/2021 19:10,21.12,0,1004.36,84.01,0,-0.965925826,0.258819045,0,1
1/16/2021 19:20,21.19,0,1004.39,85.29,0,-0.965925826,0.258819045,0,1
1/16/2021 19:30,21.32,0,1004.51,85,0,-0.965925826,0.258819045,0,1
1/16/2021 19:40,21.05,0,1004.57,85.5,0,-0.965925826,0.258819045,0,1
1/16/2021 19:50,20,0,1004.64,86.44,0,-0.965925826,0.258819045,0,1
1/16/2021 20:00,20,0,1004.71,87.56,0,-0.866025404,0.5,0,1
1/16/2021 20:10,20,0,1004.74,88.37,0,-0.866025404,0.5,0,1
1/16/2021 20:20,20,0,1004.79,89.4,0,-0.866025404,0.5,0,1
1/16/2021 20:30,19.96,0,1004.82,90,0,-0.866025404,0.5,0,1
1/16/2021 20:40,19.85,0,1004.87,90,0,-0.866025404,0.5,0,1
1/16/2021 20:50,19.76,0,1004.97,90,0,-0.866025404,0.5,0,1
1/16/2021 21:00,19.82,0,1005.1,90,0,-0.707106781,0.707106781,0,1
1/16/2021 21:10,19.96,0,1005.2,90,0,-0.707106781,0.707106781,0,1
1/16/2021 21:20,19.89,0,1005.34,89.8,0,-0.707106781,0.707106781,0,1
1/16/2021 21:30,19.76,0,1005.39,90,0,-0.707106781,0.707106781,0,1
1/16/2021 21:40,19.73,0,1005.4,90,0,-0.707106781,0.707106781,0,1
1/16/2021 21:50,19.9,0,1005.45,91.07,0,-0.707106781,0.707106781,0,1
1/16/2021 22:00,20,0,1005.54,90,0,-0.5,0.866025404,0,1
1/16/2021 22:10,19.97,0,1005.62,90,0,-0.5,0.866025404,0,1
1/16/2021 22:20,19.8,0,1005.67,91,0,-0.5,0.866025404,0,1
1/16/2021 22:30,19.67,0,1005.6,91.73,0,-0.5,0.866025404,0,1
1/16/2021 22:40,19.57,0,1005.47,92.14,0,-0.5,0.866025404,0,1
1/16/2021 22:50,19.5,0,1005.4,92.7,0,-0.5,0.866025404,0,1
1/16/2021 23:00,19.4,0,1005.4,92.94,0,-0.258819045,0.965925826,0,1
1/16/2021 23:10,19.33,0,1005.37,93.74,0,-0.258819045,0.965925826,0,1
1/16/2021 23:20,19.19,0,1005.34,93.67,0,-0.258819045,0.965925826,0,1
1/16/2021 23:30,19.05,0,1005.27,94.71,0,-0.258819045,0.965925826,0,1
1/16/2021 23:40,18.9,0,1005.14,94.56,0,-0.258819045,0.965925826,0,1
1/16/2021 23:50,18.8,0,1005.04,95.39,0,-0.258819045,0.965925826,0,1
1/17/2021 0:00,18.95,0,1004.99,95.78,0,0,1,0,1
1/17/2021 0:10,19.07,0,1004.92,95.56,0,0,1,0,1
1/17/2021 0:20,19.08,0,1004.89,95.33,0,0,1,0,1
1/17/2021 0:30,19.1,0,1004.95,95.29,0,0,1,0,1
1/17/2021 0:40,19.24,0,1004.95,94.92,0,0,1,0,1
1/17/2021 0:50,19.3,0,1004.94,94.43,0,0,1,0,1
1/17/2021 1:00,19.16,0,1004.87,94.26,0,0.258819045,0.965925826,0,1
1/17/2021 1:10,19.03,0,1004.79,94.49,0,0.258819045,0.965925826,0,1
1/17/2021 1:20,18.86,0,1004.74,94.98,0,0.258819045,0.965925826,0,1
1/17/2021 1:30,18.65,0,1004.59,95.03,0,0.258819045,0.965925826,0,1
1/17/2021 1:40,18.51,0,1004.42,95.99,0,0.258819045,0.965925826,0,1
1/17/2021 1:50,18.51,0,1004.39,96.38,0,0.258819045,0.965925826,0,1
1/17/2021 2:00,18.5,0,1004.26,96.49,0,0.5,0.866025404,0,1
1/17/2021 2:10,18.49,0,1004.17,96.75,0,0.5,0.866025404,0,1
1/17/2021 2:20,18.45,0,1004.11,96.64,0,0.5,0.866025404,0,1
1/17/2021 2:30,18.21,0,1004.02,96.47,0,0.5,0.866025404,0,1
1/17/2021 2:40,17.94,0,1003.92,96.57,0,0.5,0.866025404,0,1
1/17/2021 2:50,17.79,0,1003.77,97.27,0,0.5,0.866025404,0,1
1/17/2021 3:00,17.77,0,1003.77,97.71,0,0.707106781,0.707106781,0,1
1/17/2021 3:10,17.7,0,1003.67,97.67,0,0.707106781,0.707106781,0,1
1/17/2021 3:20,17.46,0,1003.52,97.51,0,0.707106781,0.707106781,0,1
1/17/2021 3:30,17.48,0,1003.52,98.28,0,0.707106781,0.707106781,0,1
1/17/2021 3:40,17.3,0,1003.44,97.9,0,0.707106781,0.707106781,0,1
1/17/2021 3:50,17.01,0,1003.28,97.7,0,0.707106781,0.707106781,0,1
1/17/2021 4:00,17.01,0,1003.18,98.66,0,0.866025404,0.5,0,1
1/17/2021 4:10,17,0,1003.14,98.67,0,0.866025404,0.5,0,1
1/17/2021 4:20,16.9,0,1003.11,98.84,0,0.866025404,0.5,0,1
1/17/2021 4:30,16.85,0,1003.11,99.07,0,0.866025404,0.5,0,1
1/17/2021 4:40,16.79,0,1003.13,98.93,0,0.866025404,0.5,0,1
1/17/2021 4:50,16.8,0,1003.16,99.27,0,0.866025404,0.5,0,1
1/17/2021 5:00,16.79,0,1003.19,99.39,0,0.965925826,0.258819045,0,1
1/17/2021 5:10,16.81,0,1003.31,99.48,0,0.965925826,0.258819045,0,1
1/17/2021 5:20,16.7,0,1003.39,99.5,0,0.965925826,0.258819045,0,1
1/17/2021 5:30,16.65,0,1003.41,99.63,0,0.965925826,0.258819045,0,1
1/17/2021 5:40,16.63,0,1003.48,99.61,0,0.965925826,0.258819045,0,1
1/17/2021 5:50,16.46,0,1003.52,99.26,0,0.965925826,0.258819045,0,1
1/17/2021 6:00,16.36,0,1003.52,99.44,0,1,6.12E-17,0,1
1/17/2021 6:10,16.44,0,1003.62,99.63,0,1,6.12E-17,0,1
1/17/2021 6:20,16.51,0,1003.69,99.62,0,1,6.12E-17,0,1
1/17/2021 6:30,16.31,0,1003.72,99.61,0,1,6.12E-17,0,1
1/17/2021 6:40,16.04,0,1003.76,99.24,0,1,6.12E-17,0,1
1/17/2021 6:50,15.8,0,1003.82,99.19,0,1,6.12E-17,0,1
1/17/2021 7:00,15.72,0,1003.87,99.22,0,0.965925826,-0.258819045,0,1
1/17/2021 7:10,15.56,0,1003.97,99.08,0,0.965925826,-0.258819045,0,1
1/17/2021 7:20,15.52,0,1003.94,99.16,0,0.965925826,-0.258819045,0,1
1/17/2021 7:30,15.87,0,1004.09,99.38,0,0.965925826,-0.258819045,0,1
1/17/2021 7:40,16.88,0,1004.27,98.77,0,0.965925826,-0.258819045,0,1
1/17/2021 7:50,17.98,0,1004.56,96.66,0,0.965925826,-0.258819045,0,1
1/17/2021 8:00,19.25,0,1004.89,93.19,0,0.866025404,-0.5,0,1
1/17/2021 8:10,19.98,0,1005.27,88.81,0,0.866025404,-0.5,0,1
1/17/2021 8:20,20,0,1005.6,85.42,0,0.866025404,-0.5,0,1
1/17/2021 8:30,21.59,0,1005.95,81.48,0,0.866025404,-0.5,0,1
1/17/2021 8:40,22.43,0,1006.28,78.25,0,0.866025404,-0.5,0,1
1/17/2021 8:50,23.13,0,1006.58,74.43,0,0.866025404,-0.5,0,1
1/17/2021 9:00,23.69,1.16,1006.87,72.16,0,0.707106781,-0.707106781,0,1
1/17/2021 9:10,24.58,1.29,1007.15,69.1,0,0.707106781,-0.707106781,0,1
1/17/2021 9:20,25.69,1.95,1007.55,63.13,0,0.707106781,-0.707106781,0,1
1/17/2021 9:30,26.23,1.75,1007.78,61.67,0,0.707106781,-0.707106781,0,1
1/17/2021 9:40,26.75,2.35,1008.15,60,0,0.707106781,-0.707106781,0,1
1/17/2021 9:50,26.95,2.68,1008.41,59.29,0,0.707106781,-0.707106781,0,1
1/17/2021 10:00,27.21,2.55,1008.63,58.12,0,0.5,-0.866025404,0,1
1/17/2021 10:10,27.38,2.9,1008.94,56.17,0,0.5,-0.866025404,0,1
1/17/2021 10:20,27.74,2.43,1009.26,55.46,0,0.5,-0.866025404,0,1
1/17/2021 10:30,28.15,2.67,1009.49,54.2,0,0.5,-0.866025404,0,1
1/17/2021 10:40,28.43,2.55,1009.69,52.58,0,0.5,-0.866025404,0,1
1/17/2021 10:50,28.8,3,1009.86,51.12,0,0.5,-0.866025404,0,1
1/17/2021 11:00,28.57,3.58,1009.78,49.83,0,0.258819045,-0.965925826,0,1
1/17/2021 11:10,28.34,3.57,1009.58,51.96,0,0.258819045,-0.965925826,0,1
1/17/2021 11:20,27.89,3.38,1009.21,53.97,0,0.258819045,-0.965925826,0,1
1/17/2021 11:30,27.94,3.38,1008.94,54.4,0,0.258819045,-0.965925826,0,1
1/17/2021 11:40,28.96,2.69,1009.04,51.61,0,0.258819045,-0.965925826,0,1
1/17/2021 11:50,29.55,2.16,1009.11,51.8,0,0.258819045,-0.965925826,0,1
1/17/2021 12:00,28.55,2.87,1008.61,52.26,0,1.22E-16,-1,0,1
1/17/2021 12:10,29.56,2.52,1008.58,50,0,1.22E-16,-1,0,1
1/17/2021 12:20,29.58,2.99,1008.41,52.26,0,1.22E-16,-1,0,1
1/17/2021 12:30,29.48,3.98,1008.21,52.17,0,1.22E-16,-1,0,1
1/17/2021 12:40,29.5,2.94,1007.98,52.92,0,1.22E-16,-1,0,1
1/17/2021 12:50,30,2.94,1007.98,49.9,0,1.22E-16,-1,0,1
1/17/2021 13:00,30,3.24,1007.8,49.37,0,-0.258819045,-0.965925826,0,1
1/17/2021 13:10,30,3.21,1007.56,48.71,0,-0.258819045,-0.965925826,0,1
1/17/2021 13:20,29.39,2.95,1007.18,49.37,0,-0.258819045,-0.965925826,0,1
1/17/2021 13:30,30,2.83,1007.1,47.08,0,-0.258819045,-0.965925826,0,1
1/17/2021 13:40,30,3.13,1007.05,46.85,0,-0.258819045,-0.965925826,0,1
1/17/2021 13:50,30,2.22,1007.02,44.91,0,-0.258819045,-0.965925826,0,1
1/17/2021 14:00,31.17,2.25,1007.15,44.98,0,-0.5,-0.866025404,0,1
1/17/2021 14:10,30,2.43,1007.05,47.36,0,-0.5,-0.866025404,0,1
1/17/2021 14:20,29.67,2.61,1006.7,50,0,-0.5,-0.866025404,0,1
1/17/2021 14:30,30,2.53,1006.62,48.28,0,-0.5,-0.866025404,0,1
1/17/2021 14:40,31.3,2.57,1006.65,47.44,0,-0.5,-0.866025404,0,1
1/17/2021 14:50,30,2.73,1006.62,48.41,0,-0.5,-0.866025404,0,1
1/17/2021 15:00,28.84,2.77,1006.1,53.39,0,-0.707106781,-0.707106781,0,1
1/17/2021 15:10,28.18,2.47,1005.74,55.8,0,-0.707106781,-0.707106781,0,1
1/17/2021 15:20,27.98,2.51,1005.64,57.56,0,-0.707106781,-0.707106781,0,1
1/17/2021 15:30,27.64,2.77,1005.45,58.02,0,-0.707106781,-0.707106781,0,1
1/17/2021 15:40,27.24,2.8,1005.35,57.91,0,-0.707106781,-0.707106781,0,1
1/17/2021 15:50,27.13,2.38,1005.3,59.08,0,-0.707106781,-0.707106781,0,1
1/17/2021 16:00,27.09,2.28,1005.32,59.15,0,-0.866025404,-0.5,0,1
1/17/2021 16:10,26.89,1.88,1005.29,60,0,-0.866025404,-0.5,0,1
1/17/2021 16:20,26.83,2.19,1005.3,60,0,-0.866025404,-0.5,0,1
1/17/2021 16:30,26.58,2.21,1005.24,61.3,0,-0.866025404,-0.5,0,1
1/17/2021 16:40,26.44,1.97,1005.25,61.29,0,-0.866025404,-0.5,0,1
1/17/2021 16:50,26.05,1.76,1005.15,62.26,0,-0.866025404,-0.5,0,1
1/17/2021 17:00,25.81,1.53,1005.05,63.9,0,-0.965925826,-0.258819045,0,1
1/17/2021 17:10,25.39,1.53,1004.99,65.04,0,-0.965925826,-0.258819045,0,1
1/17/2021 17:20,25.04,1,1004.87,67.32,0,-0.965925826,-0.258819045,0,1
1/17/2021 17:30,24.8,0,1004.77,69.38,0,-0.965925826,-0.258819045,0,1
1/17/2021 17:40,24.61,0,1004.82,70,0,-0.965925826,-0.258819045,0,1
1/17/2021 17:50,24.35,0,1004.84,73.85,0,-0.965925826,-0.258819045,0,1
1/17/2021 18:00,24.66,0,1004.92,74.28,0,-1,-1.84E-16,0,1
1/17/2021 18:10,24.4,0,1005,74.68,0,-1,-1.84E-16,0,1
1/17/2021 18:20,23.82,0,1004.9,76.08,0,-1,-1.84E-16,0,1
1/17/2021 18:30,23.27,0,1004.67,78.46,0,-1,-1.84E-16,0,1
1/17/2021 18:40,22.83,0,1004.54,80,0,-1,-1.84E-16,0,1
1/17/2021 18:50,22.52,0,1004.52,82.42,0,-1,-1.84E-16,0,1
1/17/2021 19:00,22.29,0,1004.51,83.47,0,-0.965925826,0.258819045,0,1
1/17/2021 19:10,22.01,0,1004.47,84.64,0,-0.965925826,0.258819045,0,1
1/17/2021 19:20,21.81,0,1004.46,86.13,0,-0.965925826,0.258819045,0,1
1/17/2021 19:30,21.79,0,1004.51,87.25,0,-0.965925826,0.258819045,0,1
1/17/2021 19:40,21.93,0,1004.62,87.61,0,-0.965925826,0.258819045,0,1
1/17/2021 19:50,22.06,0,1004.76,87.59,0,-0.965925826,0.258819045,0,1
1/17/2021 20:00,22.04,0,1004.8,87.72,0,-0.866025404,0.5,0,1
1/17/2021 20:10,21.92,0,1004.85,88.09,0,-0.866025404,0.5,0,1
1/17/2021 20:20,21.77,0,1004.84,88.26,0,-0.866025404,0.5,0,1
1/17/2021 20:30,21.32,0,1004.82,88.65,0,-0.866025404,0.5,0,1
1/17/2021 20:40,21.06,0,1004.85,90,0,-0.866025404,0.5,0,1
1/17/2021 20:50,21.3,1.38,1005.04,91.85,0,-0.866025404,0.5,0,1
1/17/2021 21:00,21.8,1.11,1005.2,91.16,0,-0.707106781,0.707106781,0,1
1/17/2021 21:10,22.07,1.24,1005.4,89.86,0,-0.707106781,0.707106781,0,1
1/17/2021 21:20,22.12,1.97,1005.44,88.5,0,-0.707106781,0.707106781,0,1
1/17/2021 21:30,22.25,1.83,1005.62,87.21,0,-0.707106781,0.707106781,0,1
1/17/2021 21:40,22.2,2.37,1005.84,86.69,0,-0.707106781,0.707106781,0,1
1/17/2021 21:50,21.93,2.1,1005.87,87.08,0,-0.707106781,0.707106781,0,1
1/17/2021 22:00,21.68,2.15,1005.94,87.36,0,-0.5,0.866025404,0,1
1/17/2021 22:10,21.53,2.2,1005.99,87.86,0,-0.5,0.866025404,0,1
1/17/2021 22:20,21.49,2.3,1006.04,88.33,0,-0.5,0.866025404,0,1
1/17/2021 22:30,21.45,2.07,1006.02,88.54,0,-0.5,0.866025404,0,1
1/17/2021 22:40,21.43,1.7,1005.97,88.41,0,-0.5,0.866025404,0,1
1/17/2021 22:50,21.44,1.77,1005.92,87.78,0,-0.5,0.866025404,0,1
1/17/2021 23:00,21.32,1.89,1005.84,88.52,0,-0.258819045,0.965925826,0,1
1/17/2021 23:10,20,1.34,1005.67,89.55,0,-0.258819045,0.965925826,0,1
1/17/2021 23:20,20,1.06,1005.57,89.69,0,-0.258819045,0.965925826,0,1
1/17/2021 23:30,20,1.22,1005.45,89.91,0,-0.258819045,0.965925826,0,1
1/17/2021 23:40,20,0,1005.32,89.77,0,-0.258819045,0.965925826,0,1
1/17/2021 23:50,20,1.24,1005.24,88.89,0,-0.258819045,0.965925826,0,1
1/18/2021 0:00,20,1.1,1005.24,87.67,0,0,1,0,1
1/18/2021 0:10,21.07,1.35,1005.2,86.45,0,0,1,0,1
1/18/2021 0:20,21.2,1.6,1005.2,85.56,0,0,1,0,1
1/18/2021 0:30,21.21,1.68,1005.15,84.71,0,0,1,0,1
1/18/2021 0:40,21.27,1.9,1005.1,83.78,0,0,1,0,1
1/18/2021 0:50,21.26,1.89,1005,82.87,0,0,1,0,1
1/18/2021 1:00,21.31,1.89,1004.97,82.36,0,0.258819045,0.965925826,0,1
1/18/2021 1:10,21.35,2.02,1004.87,83.21,0,0.258819045,0.965925826,0,1
1/18/2021 1:20,21.42,1.32,1004.77,82.85,0,0.258819045,0.965925826,0,1
1/18/2021 1:30,21.52,1.09,1004.79,81.31,0,0.258819045,0.965925826,0,1
1/18/2021 1:40,21.59,0,1004.8,80,0,0.258819045,0.965925826,0,1
1/18/2021 1:50,21.59,1.02,1004.74,80,0,0.258819045,0.965925826,0,1
1/18/2021 2:00,21.6,1.4,1004.71,81.21,0,0.5,0.866025404,0,1
1/18/2021 2:10,21.68,1.77,1004.67,80,0,0.5,0.866025404,0,1
1/18/2021 2:20,21.73,1.5,1004.42,80,0,0.5,0.866025404,0,1
1/18/2021 2:30,21.74,1.73,1004.27,79.33,0,0.5,0.866025404,0,1
1/18/2021 2:40,21.88,1.19,1004.12,77.77,0,0.5,0.866025404,0,1
1/18/2021 2:50,21.85,0,1003.97,77.8,0,0.5,0.866025404,0,1
1/18/2021 3:00,21.64,0,1003.79,78.43,0,0.707106781,0.707106781,0,1
1/18/2021 3:10,21.55,0,1003.64,78.05,0,0.707106781,0.707106781,0,1
1/18/2021 3:20,21.62,0,1003.57,76.85,0,0.707106781,0.707106781,0,1
1/18/2021 3:30,21.66,0,1003.52,76.52,0,0.707106781,0.707106781,0,1
1/18/2021 3:40,21.49,0,1003.48,77.44,0,0.707106781,0.707106781,0,1
1/18/2021 3:50,21.27,0,1003.29,78.37,0,0.707106781,0.707106781,0,1
1/18/2021 4:00,21.04,0,1003.04,79,0,0.866025404,0.5,0,1
1/18/2021 4:10,20,0,1002.94,78.89,0,0.866025404,0.5,0,1
1/18/2021 4:20,20,0,1002.88,79.56,0,0.866025404,0.5,0,1
1/18/2021 4:30,20,0,1002.66,82.92,0,0.866025404,0.5,0,1
1/18/2021 4:40,19.72,0,1002.58,84.67,0,0.866025404,0.5,0,1
1/18/2021 4:50,19.28,0,1002.54,86.03,0,0.866025404,0.5,0,1
1/18/2021 5:00,18.92,0,1002.48,87.35,0,0.965925826,0.258819045,0,1
1/18/2021 5:10,18.7,0,1002.44,89.08,0,0.965925826,0.258819045,0,1
1/18/2021 5:20,18.61,0,1002.49,91.02,0,0.965925826,0.258819045,0,1
1/18/2021 5:30,18.68,0,1002.66,91.5,0,0.965925826,0.258819045,0,1
1/18/2021 5:40,18.75,0,1002.69,91.98,0,0.965925826,0.258819045,0,1
1/18/2021 5:50,18.76,0,1002.86,92.16,0,0.965925826,0.258819045,0,1
1/18/2021 6:00,18.73,0,1003.06,92.6,0,1,6.12E-17,0,1
1/18/2021 6:10,18.7,0,1003.19,93.23,0,1,6.12E-17,0,1
1/18/2021 6:20,18.69,0,1003.24,93.6,0,1,6.12E-17,0,1
1/18/2021 6:30,18.73,0,1003.28,93.52,0,1,6.12E-17,0,1
1/18/2021 6:40,18.84,0,1003.28,92.92,0,1,6.12E-17,0,1
1/18/2021 6:50,18.95,0,1003.33,91.78,0,1,6.12E-17,0,1
1/18/2021 7:00,19.44,0,1003.46,87.39,0,0.965925826,-0.258819045,0,1
1/18/2021 7:10,20,0,1003.67,83.77,0,0.965925826,-0.258819045,0,1
1/18/2021 7:20,20,0,1003.76,85.42,0,0.965925826,-0.258819045,0,1
1/18/2021 7:30,19.71,0,1003.84,87.27,0,0.965925826,-0.258819045,0,1
1/18/2021 7:40,19.73,0,1003.97,86.72,0,0.965925826,-0.258819045,0,1
1/18/2021 7:50,20,0,1004.16,85.35,0,0.965925826,-0.258819045,0,1
1/18/2021 8:00,22.49,0,1004.47,80,0,0.866025404,-0.5,0,1
1/18/2021 8:10,24.56,0,1005.02,72.41,0,0.866025404,-0.5,0,1
1/18/2021 8:20,25.66,1.21,1005.67,64.82,0,0.866025404,-0.5,0,1
1/18/2021 8:30,25.35,1.39,1005.9,62.93,0,0.866025404,-0.5,0,1
1/18/2021 8:40,24.3,0,1005.89,66.22,0,0.866025404,-0.5,0,1
1/18/2021 8:50,24.08,0,1005.82,68.34,0,0.866025404,-0.5,0,1
1/18/2021 9:00,25.8,1.93,1006.09,65.56,0,0.707106781,-0.707106781,0,1
1/18/2021 9:10,27.08,1.39,1006.47,62.51,0,0.707106781,-0.707106781,0,1
1/18/2021 9:20,27.52,2.47,1006.78,58.72,0,0.707106781,-0.707106781,0,1
1/18/2021 9:30,27.5,2.43,1006.93,58.46,0,0.707106781,-0.707106781,0,1
1/18/2021 9:40,27.86,2.54,1007.1,58.94,0,0.707106781,-0.707106781,0,1
1/18/2021 9:50,27.86,2.59,1007.22,60,0,0.707106781,-0.707106781,0,1
1/18/2021 10:00,27.67,3.48,1007.22,60,0,0.5,-0.866025404,0,1
1/18/2021 10:10,27.93,2.88,1007.46,60,0,0.5,-0.866025404,0,1
1/18/2021 10:20,28.23,2.48,1007.91,60,0,0.5,-0.866025404,0,1
1/18/2021 10:30,28.31,2.21,1008.13,59.87,0,0.5,-0.866025404,0,1
1/18/2021 10:40,29.2,2.34,1008.43,57.81,0,0.5,-0.866025404,0,1
1/18/2021 10:50,29.58,2.35,1008.41,56.32,0,0.5,-0.866025404,0,1
1/18/2021 11:00,29.1,2.88,1008.25,56.26,0,0.258819045,-0.965925826,0,1
1/18/2021 11:10,29.36,2.35,1008.13,55.06,0,0.258819045,-0.965925826,0,1
1/18/2021 11:20,29.95,2.86,1008.06,53.73,0,0.258819045,-0.965925826,0,1
1/18/2021 11:30,30,2.69,1008.23,49.75,0,0.258819045,-0.965925826,0,1
1/18/2021 11:40,28.89,2.88,1007.68,51.94,0,0.258819045,-0.965925826,0,1
1/18/2021 11:50,28.09,2.79,1006.98,53.99,0,0.258819045,-0.965925826,0,1
1/18/2021 12:00,28.69,2.25,1006.92,52.93,0,1.22E-16,-1,0,1
1/18/2021 12:10,29.33,2.24,1007.05,50,0,1.22E-16,-1,0,1
1/18/2021 12:20,29.91,2.25,1007.18,49.17,0,1.22E-16,-1,0,1
1/18/2021 12:30,30,2.45,1007.27,49.69,0,1.22E-16,-1,0,1
1/18/2021 12:40,29.97,1.84,1007.03,51.08,0,1.22E-16,-1,0,1
1/18/2021 12:50,30,2.78,1006.95,48.96,0,1.22E-16,-1,0,1
1/18/2021 13:00,28.52,2.31,1006.5,53.27,0,-0.258819045,-0.965925826,0,1
1/18/2021 13:10,28.04,2.29,1006.15,56.06,0,-0.258819045,-0.965925826,0,1
1/18/2021 13:20,28.05,2.21,1005.82,55.66,0,-0.258819045,-0.965925826,0,1
1/18/2021 13:30,28.07,1.68,1005.67,57.35,0,-0.258819045,-0.965925826,0,1
1/18/2021 13:40,28.1,2.58,1005.52,55.97,0,-0.258819045,-0.965925826,0,1
1/18/2021 13:50,28.65,3.12,1005.34,53.81,0,-0.258819045,-0.965925826,0,1
1/18/2021 14:00,28.7,3.38,1005.4,53.6,0,-0.5,-0.866025404,0,1
1/18/2021 14:10,27.91,2.59,1005.14,57.83,0,-0.5,-0.866025404,0,1
1/18/2021 14:20,28.17,3.16,1005,56.64,0,-0.5,-0.866025404,0,1
1/18/2021 14:30,27.98,3.15,1004.9,55.91,0,-0.5,-0.866025404,0,1
1/18/2021 14:40,28.21,3.44,1004.74,55.28,0,-0.5,-0.866025404,0,1
1/18/2021 14:50,29.97,3.5,1004.92,50,0,-0.5,-0.866025404,0,1
1/18/2021 15:00,29.91,3.78,1004.97,48.7,0,-0.707106781,-0.707106781,0,1
1/18/2021 15:10,29.45,3.23,1004.94,50,0,-0.707106781,-0.707106781,0,1
1/18/2021 15:20,29.45,2.83,1004.95,55.97,0,-0.707106781,-0.707106781,0,1
1/18/2021 15:30,29.17,2.4,1005.04,56.74,0,-0.707106781,-0.707106781,0,1
1/18/2021 15:40,28.13,2.52,1004.95,58.29,0,-0.707106781,-0.707106781,0,1
1/18/2021 15:50,27.93,2.08,1004.76,58,0,-0.707106781,-0.707106781,0,1
1/18/2021 16:00,28.05,1.86,1004.94,57.43,0,-0.866025404,-0.5,0,1
1/18/2021 16:10,27.1,1.44,1004.57,59.98,0,-0.866025404,-0.5,0,1
1/18/2021 16:20,26.92,1.18,1004.34,60,0,-0.866025404,-0.5,0,1
1/18/2021 16:30,27.44,1.79,1004.56,59.71,0,-0.866025404,-0.5,0,1
1/18/2021 16:40,27.99,1.56,1005.09,57.16,0,-0.866025404,-0.5,0,1
1/18/2021 16:50,26.67,1.19,1004.76,61.27,0,-0.866025404,-0.5,0,1
1/18/2021 17:00,26.58,1.21,1004.46,63.06,0,-0.965925826,-0.258819045,0,1
1/18/2021 17:10,26.48,1.61,1004.66,65.23,0,-0.965925826,-0.258819045,0,1
1/18/2021 17:20,25.42,1.18,1004.41,69.28,0,-0.965925826,-0.258819045,0,1
1/18/2021 17:30,24.9,1.11,1004.09,72.12,0,-0.965925826,-0.258819045,0,1
1/18/2021 17:40,24.54,1.11,1003.94,75.24,0,-0.965925826,-0.258819045,0,1
1/18/2021 17:50,24.35,0,1003.92,76.7,0,-0.965925826,-0.258819045,0,1
1/18/2021 18:00,24.25,0,1003.94,76.98,0,-1,-1.84E-16,0,1
1/18/2021 18:10,24.1,1.16,1003.86,78.39,0,-1,-1.84E-16,0,1
1/18/2021 18:20,23.96,0,1003.82,80,0,-1,-1.84E-16,0,1
1/18/2021 18:30,23.85,0,1003.92,81.02,0,-1,-1.84E-16,0,1
1/18/2021 18:40,23.76,0,1003.91,81.45,0,-1,-1.84E-16,0,1
1/18/2021 18:50,23.6,0,1003.87,81.68,0,-1,-1.84E-16,0,1
1/18/2021 19:00,23.46,0,1003.82,82.01,0,-0.965925826,0.258819045,0,1
1/18/2021 19:10,23.31,0,1003.81,82.49,0,-0.965925826,0.258819045,0,1
1/18/2021 19:20,23.22,0,1003.84,82.5,0,-0.965925826,0.258819045,0,1
1/18/2021 19:30,23.19,0,1004.01,82.75,0,-0.965925826,0.258819045,0,1
1/18/2021 19:40,23.14,0,1004.16,83.42,0,-0.965925826,0.258819045,0,1
1/18/2021 19:50,23.12,0,1004.26,83.75,0,-0.965925826,0.258819045,0,1
1/18/2021 20:00,23.1,0,1004.29,84.29,0,-0.866025404,0.5,0,1
1/18/2021 20:10,22.97,0,1004.29,84.49,0,-0.866025404,0.5,0,1
1/18/2021 20:20,22.88,0,1004.41,84.93,0,-0.866025404,0.5,0,1
1/18/2021 20:30,22.84,0,1004.37,85.36,0,-0.866025404,0.5,0,1
1/18/2021 20:40,22.78,0,1004.32,85.87,0,-0.866025404,0.5,0,1
1/18/2021 20:50,22.71,0,1004.41,86.17,0,-0.866025404,0.5,0,1
1/18/2021 21:00,22.67,1.09,1004.47,86.45,0,-0.707106781,0.707106781,0,1
1/18/2021 21:10,22.46,2.64,1004.61,87.88,0,-0.707106781,0.707106781,0,1
1/18/2021 21:20,21.95,2.11,1004.57,91.28,0,-0.707106781,0.707106781,0,1
1/18/2021 21:30,21.58,1.78,1004.62,93.09,0,-0.707106781,0.707106781,0,1
1/18/2021 21:40,21.41,1.39,1004.66,94.42,0,-0.707106781,0.707106781,0,1
1/18/2021 21:50,21.33,1.3,1004.74,94.85,0,-0.707106781,0.707106781,0,1
1/18/2021 22:00,21.24,1.17,1004.77,94.98,0,-0.5,0.866025404,0,1
1/18/2021 22:10,21.17,1.09,1004.82,94.69,0,-0.5,0.866025404,0,1
1/18/2021 22:20,21.12,0,1004.9,94.86,0,-0.5,0.866025404,0,1
1/18/2021 22:30,21.07,0,1004.85,95.02,0,-0.5,0.866025404,0,1
1/18/2021 22:40,21,0,1004.8,94.7,0,-0.5,0.866025404,0,1
1/18/2021 22:50,20,0,1004.79,94.96,0,-0.5,0.866025404,0,1
1/18/2021 23:00,20,0,1004.67,95.45,0,-0.258819045,0.965925826,0,1
1/18/2021 23:10,20,0,1004.77,96.16,0,-0.258819045,0.965925826,0,1
1/18/2021 23:20,20,0,1004.72,96.61,0,-0.258819045,0.965925826,0,1
1/18/2021 23:30,20,0,1004.62,97.25,0,-0.258819045,0.965925826,0,1
1/18/2021 23:40,20,1.01,1004.49,97.75,1.02,-0.258819045,0.965925826,0,1
1/18/2021 23:50,20,1.15,1004.41,97.94,0,-0.258819045,0.965925826,0,1
1/19/2021 0:00,20,0,1004.36,98.02,0,0,1,0,1
1/19/2021 0:10,20,0,1004.36,97.91,0,0,1,0,1
1/19/2021 0:20,20,0,1004.41,97.78,0,0,1,0,1
1/19/2021 0:30,20,0,1004.39,97.57,0,0,1,0,1
1/19/2021 0:40,20,0,1004.37,97.61,0,0,1,0,1
1/19/2021 0:50,20,0,1004.39,97.52,0,0,1,0,1
1/19/2021 1:00,20,0,1004.32,97.59,0,0.258819045,0.965925826,0,1
1/19/2021 1:10,20,0,1004.26,97.59,0,0.258819045,0.965925826,0,1
1/19/2021 1:20,20,0,1004.11,97.66,0,0.258819045,0.965925826,0,1
1/19/2021 1:30,20,0,1003.99,97.84,0,0.258819045,0.965925826,0,1
1/19/2021 1:40,20,0,1003.79,97.96,0,0.258819045,0.965925826,0,1
1/19/2021 1:50,20,0,1003.61,98.13,0,0.258819045,0.965925826,0,1
1/19/2021 2:00,20,0,1003.51,98.26,0,0.5,0.866025404,0,1
1/19/2021 2:10,20,0,1003.44,98.29,0,0.5,0.866025404,0,1
1/19/2021 2:20,20,0,1003.39,98.2,0,0.5,0.866025404,0,1
1/19/2021 2:30,20,0,1003.28,98.4,0,0.5,0.866025404,0,1
1/19/2021 2:40,20,0,1003.13,98.64,0,0.5,0.866025404,0,1
1/19/2021 2:50,20,0,1003.03,98.78,0,0.5,0.866025404,0,1
1/19/2021 3:00,20,0,1002.96,98.8,0,0.707106781,0.707106781,0,1
1/19/2021 3:10,20,0,1002.94,98.82,0,0.707106781,0.707106781,0,1
1/19/2021 3:20,20,0,1002.86,98.83,0,0.707106781,0.707106781,0,1
1/19/2021 3:30,20,0,1002.71,98.8,0,0.707106781,0.707106781,0,1
1/19/2021 3:40,20,0,1002.59,98.79,0,0.707106781,0.707106781,0,1
1/19/2021 3:50,20,0,1002.53,98.63,0,0.707106781,0.707106781,0,1
1/19/2021 4:00,20,0,1002.44,98.67,0,0.866025404,0.5,0,1
1/19/2021 4:10,20,0,1002.39,98.66,0,0.866025404,0.5,0,1
1/19/2021 4:20,20,0,1002.33,98.6,0,0.866025404,0.5,0,1
1/19/2021 4:30,19.98,0,1002.24,98.61,0,0.866025404,0.5,0,1
1/19/2021 4:40,19.9,0,1002.21,98.8,0,0.866025404,0.5,0,1
1/19/2021 4:50,19.9,0,1002.23,99.01,0,0.866025404,0.5,0,1
1/19/2021 5:00,19.96,0,1002.21,98.86,0,0.965925826,0.258819045,0,1
1/19/2021 5:10,20,0,1002.24,98.16,0,0.965925826,0.258819045,0,1
1/19/2021 5:20,20,0,1002.36,97.28,0,0.965925826,0.258819045,0,1
1/19/2021 5:30,20,0,1002.51,96.86,0,0.965925826,0.258819045,0,1
1/19/2021 5:40,20,0,1002.54,96.77,0,0.965925826,0.258819045,0,1
1/19/2021 5:50,20,0,1002.71,95.67,0,0.965925826,0.258819045,0,1
1/19/2021 6:00,20,0,1002.83,95.15,0,1,6.12E-17,0,1
1/19/2021 6:10,20,0,1002.88,94.83,0,1,6.12E-17,0,1
1/19/2021 6:20,20,0,1002.89,95.9,0,1,6.12E-17,0,1
1/19/2021 6:30,20,0,1002.96,96.59,0,1,6.12E-17,0,1
1/19/2021 6:40,20,0,1003.11,96.9,0,1,6.12E-17,0,1
1/19/2021 6:50,20,0,1003.26,97.28,0,1,6.12E-17,0,1
1/19/2021 7:00,20,0,1003.44,97.87,0,0.965925826,-0.258819045,0,1
1/19/2021 7:10,20,0,1003.64,98.23,0,0.965925826,-0.258819045,0,1
1/19/2021 7:20,20,0,1003.77,98.42,0,0.965925826,-0.258819045,0,1
1/19/2021 7:30,20,0,1003.96,98.63,0,0.965925826,-0.258819045,0,1
1/19/2021 7:40,20,0,1004.11,98.54,0,0.965925826,-0.258819045,0,1
1/19/2021 7:50,20,0,1004.27,98.52,0,0.965925826,-0.258819045,0,1
1/19/2021 8:00,21.23,0,1004.47,96.37,0,0.866025404,-0.5,0,1
1/19/2021 8:10,21.48,0,1004.66,94.61,0,0.866025404,-0.5,0,1
1/19/2021 8:20,21.52,0,1004.8,94.87,0,0.866025404,-0.5,0,1
1/19/2021 8:30,23,0,1005.1,91.71,0,0.866025404,-0.5,0,1
1/19/2021 8:40,24.6,1.09,1005.42,84.65,0,0.866025404,-0.5,0,1
1/19/2021 8:50,25.33,1.49,1005.6,78.21,0,0.866025404,-0.5,0,1
1/19/2021 9:00,24.93,1.84,1005.65,76.8,0,0.707106781,-0.707106781,0,1
1/19/2021 9:10,25.17,1.51,1005.79,76.54,0,0.707106781,-0.707106781,0,1
1/19/2021 9:20,25.16,1.94,1005.99,75.6,0,0.707106781,-0.707106781,0,1
1/19/2021 9:30,25.1,1.93,1006.1,76.77,0,0.707106781,-0.707106781,0,1
1/19/2021 9:40,26.35,2.46,1006.43,73.51,0,0.707106781,-0.707106781,0,1
1/19/2021 9:50,26.66,2.37,1006.75,72.2,0,0.707106781,-0.707106781,0,1
1/19/2021 10:00,26.55,2.27,1006.92,71.86,0,0.5,-0.866025404,0,1
1/19/2021 10:10,27,2.3,1007.28,70,0,0.5,-0.866025404,0,1
1/19/2021 10:20,27.05,2.98,1007.6,68.84,0,0.5,-0.866025404,0,1
1/19/2021 10:30,27.22,2.63,1007.76,68.92,0,0.5,-0.866025404,0,1
1/19/2021 10:40,27.7,2.59,1008.01,67.53,0,0.5,-0.866025404,0,1
1/19/2021 10:50,27.81,2.87,1008.1,66.02,0,0.5,-0.866025404,0,1
1/19/2021 11:00,27.1,2.62,1007.88,66.04,0,0.258819045,-0.965925826,0,1
1/19/2021 11:10,26.38,1.93,1007.45,68.09,0,0.258819045,-0.965925826,0,1
1/19/2021 11:20,26.7,2.07,1007.37,66.71,0,0.258819045,-0.965925826,0,1
1/19/2021 11:30,27.4,2.88,1007.33,63.03,0,0.258819045,-0.965925826,0,1
1/19/2021 11:40,28.89,3.44,1007.88,58.31,0,0.258819045,-0.965925826,0,1
1/19/2021 11:50,29.22,3.36,1008.16,57.66,0,0.258819045,-0.965925826,0,1
1/19/2021 12:00,29.34,3.06,1008.06,57.92,0,1.22E-16,-1,0,1
1/19/2021 12:10,29.2,3.08,1007.8,57.32,0,1.22E-16,-1,0,1
1/19/2021 12:20,29.35,3.18,1007.58,57.4,0,1.22E-16,-1,0,1
1/19/2021 12:30,29.46,3.19,1007.4,57.03,0,1.22E-16,-1,0,1
1/19/2021 12:40,30,3.02,1007.27,55.42,0,1.22E-16,-1,0,1
1/19/2021 12:50,30,2.58,1007.2,53.42,0,1.22E-16,-1,0,1
1/19/2021 13:00,29.56,3.34,1006.9,54,0,-0.258819045,-0.965925826,0,1
1/19/2021 13:10,30,3.25,1006.63,52.23,0,-0.258819045,-0.965925826,0,1
1/19/2021 13:20,28.59,3.98,1006.37,54.16,0,-0.258819045,-0.965925826,0,1
1/19/2021 13:30,28.68,2.71,1005.94,58.18,0,-0.258819045,-0.965925826,0,1
1/19/2021 13:40,29.47,3.33,1005.97,54.96,0,-0.258819045,-0.965925826,0,1
1/19/2021 13:50,28.85,3.24,1005.75,56.2,0,-0.258819045,-0.965925826,0,1
1/19/2021 14:00,29.58,3.36,1005.74,54.78,0,-0.5,-0.866025404,0,1
1/19/2021 14:10,29.51,3.44,1005.62,52.71,0,-0.5,-0.866025404,0,1
1/19/2021 14:20,29.33,3.53,1005.45,53.69,0,-0.5,-0.866025404,0,1
1/19/2021 14:30,29.16,3.29,1005.3,54.88,0,-0.5,-0.866025404,0,1
1/19/2021 14:40,29.03,3.86,1005.14,55.91,0,-0.5,-0.866025404,0,1
1/19/2021 14:50,29.02,3.45,1005,56.96,0,-0.5,-0.866025404,0,1
1/19/2021 15:00,29.06,3.68,1004.95,57.26,0,-0.707106781,-0.707106781,0,1
1/19/2021 15:10,28.89,3.19,1004.92,56.78,0,-0.707106781,-0.707106781,0,1
1/19/2021 15:20,29.04,3.13,1005,55.71,0,-0.707106781,-0.707106781,0,1
1/19/2021 15:30,28.88,3.39,1004.97,54.76,0,-0.707106781,-0.707106781,0,1
1/19/2021 15:40,28.79,3.17,1004.95,54.33,0,-0.707106781,-0.707106781,0,1
1/19/2021 15:50,28.83,3.08,1004.95,54.84,0,-0.707106781,-0.707106781,0,1
1/19/2021 16:00,28.59,3.1,1004.94,54.53,0,-0.866025404,-0.5,0,1
1/19/2021 16:10,28.36,3.26,1004.9,53.78,0,-0.866025404,-0.5,0,1
1/19/2021 16:20,28.15,3.19,1004.89,54.69,0,-0.866025404,-0.5,0,1
1/19/2021 16:30,27.88,3.34,1004.87,55.13,0,-0.866025404,-0.5,0,1
1/19/2021 16:40,27.76,3.31,1004.9,54.97,0,-0.866025404,-0.5,0,1
1/19/2021 16:50,27.39,2.84,1004.85,55.81,0,-0.866025404,-0.5,0,1
1/19/2021 17:00,26.97,3.18,1004.77,55.68,0,-0.965925826,-0.258819045,0,1
1/19/2021 17:10,26.69,3.11,1004.62,55.77,0,-0.965925826,-0.258819045,0,1
1/19/2021 17:20,25.8,2.79,1004.34,58.83,0,-0.965925826,-0.258819045,0,1
1/19/2021 17:30,25.38,2.25,1004.16,61.79,0,-0.965925826,-0.258819045,0,1
1/19/2021 17:40,25.03,2.02,1004.11,63.45,0,-0.965925826,-0.258819045,0,1
1/19/2021 17:50,24.77,1.76,1004.06,64.83,0,-0.965925826,-0.258819045,0,1
1/19/2021 18:00,24.6,0,1004.04,66.86,0,-1,-1.84E-16,0,1
1/19/2021 18:10,24.44,0,1004.06,69.13,0,-1,-1.84E-16,0,1
1/19/2021 18:20,24.23,0,1004.06,70,0,-1,-1.84E-16,0,1
1/19/2021 18:30,24,0,1004.01,71.77,0,-1,-1.84E-16,0,1
1/19/2021 18:40,23.75,0,1003.99,73.04,0,-1,-1.84E-16,0,1
1/19/2021 18:50,23.57,0,1004.02,73.85,0,-1,-1.84E-16,0,1
1/19/2021 19:00,23.35,0,1004.02,75.01,0,-0.965925826,0.258819045,0,1
1/19/2021 19:10,23.03,0,1004.02,76.35,0,-0.965925826,0.258819045,0,1
1/19/2021 19:20,22.61,0,1004.04,78.06,0,-0.965925826,0.258819045,0,1
1/19/2021 19:30,22.35,0,1004.07,79.52,0,-0.965925826,0.258819045,0,1
1/19/2021 19:40,22.21,0,1004.16,80,0,-0.965925826,0.258819045,0,1
1/19/2021 19:50,22.08,0,1004.22,81.61,0,-0.965925826,0.258819045,0,1
1/19/2021 20:00,21.93,0,1004.24,82.16,0,-0.866025404,0.5,0,1
1/19/2021 20:10,21.67,0,1004.27,82.79,0,-0.866025404,0.5,0,1
1/19/2021 20:20,21.39,0,1004.29,83.98,0,-0.866025404,0.5,0,1
1/19/2021 20:30,21.12,0,1004.29,84.89,0,-0.866025404,0.5,0,1
1/19/2021 20:40,20,0,1004.32,86.23,0,-0.866025404,0.5,0,1
1/19/2021 20:50,20,0,1004.31,87.63,0,-0.866025404,0.5,0,1
1/19/2021 21:00,20,0,1004.31,88.81,0,-0.707106781,0.707106781,0,1
1/19/2021 21:10,20,0,1004.29,89.41,0,-0.707106781,0.707106781,0,1
1/19/2021 21:20,20,0,1004.31,90,0,-0.707106781,0.707106781,0,1
1/19/2021 21:30,20,0,1004.41,90,0,-0.707106781,0.707106781,0,1
1/19/2021 21:40,19.82,0,1004.47,91.18,0,-0.707106781,0.707106781,0,1
1/19/2021 21:50,19.7,0,1004.56,92.25,0,-0.707106781,0.707106781,0,1
1/19/2021 22:00,19.73,0,1004.66,92.94,0,-0.5,0.866025404,0,1
1/19/2021 22:10,19.7,0,1004.71,93.2,0,-0.5,0.866025404,0,1
1/19/2021 22:20,19.65,0,1004.76,93.34,0,-0.5,0.866025404,0,1
1/19/2021 22:30,19.59,0,1004.82,93.81,0,-0.5,0.866025404,0,1
1/19/2021 22:40,19.57,0,1004.82,94.12,0,-0.5,0.866025404,0,1
1/19/2021 22:50,19.52,0,1004.79,94.28,0,-0.5,0.866025404,0,1
1/19/2021 23:00,19.58,0,1004.76,94.63,0,-0.258819045,0.965925826,0,1
1/19/2021 23:10,19.7,0,1004.77,94.54,0,-0.258819045,0.965925826,0,1
1/19/2021 23:20,19.76,0,1004.8,94.64,0,-0.258819045,0.965925826,0,1
1/19/2021 23:30,20,0,1004.84,93.45,0,-0.258819045,0.965925826,0,1
1/19/2021 23:40,19.98,0,1004.71,93.61,0,-0.258819045,0.965925826,0,1
1/19/2021 23:50,19.87,0,1004.51,93.72,0,-0.258819045,0.965925826,0,1
1/20/2021 0:00,19.9,0,1004.39,93.46,0,0,1,0,1
1/20/2021 0:10,19.93,0,1004.29,93.14,0,0,1,0,1
1/20/2021 0:20,19.95,0,1004.12,92.56,0,0,1,0,1
1/20/2021 0:30,20,1.09,1004.11,91.11,0,0,1,0,1
1/20/2021 0:40,20,0,1004.04,90,0,0,1,0,1
1/20/2021 0:50,20,0,1004.01,89.92,0,0,1,0,1
1/20/2021 1:00,20,0,1003.94,90,0,0.258819045,0.965925826,0,1
1/20/2021 1:10,20,0,1003.89,89.9,0,0.258819045,0.965925826,0,1
1/20/2021 1:20,20,0,1003.81,89.93,0,0.258819045,0.965925826,0,1
1/20/2021 1:30,20,0,1003.71,89.77,0,0.258819045,0.965925826,0,1
1/20/2021 1:40,20,0,1003.61,89.65,0,0.258819045,0.965925826,0,1
1/20/2021 1:50,20,0,1003.56,89.76,0,0.258819045,0.965925826,0,1
1/20/2021 2:00,19.92,0,1003.48,90,0,0.5,0.866025404,0,1
1/20/2021 2:10,19.83,0,1003.33,90,0,0.5,0.866025404,0,1
1/20/2021 2:20,19.93,0,1003.13,90,0,0.5,0.866025404,0,1
1/20/2021 2:30,20,0,1002.96,89.94,0,0.5,0.866025404,0,1
1/20/2021 2:40,20,1.08,1002.89,89.73,0,0.5,0.866025404,0,1
1/20/2021 2:50,20,0,1002.91,89.66,0,0.5,0.866025404,0,1
1/20/2021 3:00,20,0,1002.94,89.76,0,0.707106781,0.707106781,0,1
1/20/2021 3:10,20,1.13,1002.93,89.58,0,0.707106781,0.707106781,0,1
1/20/2021 3:20,20,0,1002.94,88.9,0,0.707106781,0.707106781,0,1
1/20/2021 3:30,20,0,1002.81,88.95,0,0.707106781,0.707106781,0,1
1/20/2021 3:40,20,0,1002.74,89.25,0,0.707106781,0.707106781,0,1
1/20/2021 3:50,20,0,1002.66,89.85,0,0.707106781,0.707106781,0,1
1/20/2021 4:00,20,0,1002.63,90,0,0.866025404,0.5,0,1
1/20/2021 4:10,20,0,1002.61,89.89,0,0.866025404,0.5,0,1
1/20/2021 4:20,20,0,1002.56,89.4,0,0.866025404,0.5,0,1
1/20/2021 4:30,20,0,1002.44,89.54,0,0.866025404,0.5,0,1
1/20/2021 4:40,20,0,1002.36,89.57,0,0.866025404,0.5,0,1
1/20/2021 4:50,20,0,1002.34,89.67,0,0.866025404,0.5,0,1
1/20/2021 5:00,20,0,1002.34,90,0,0.965925826,0.258819045,0,1
1/20/2021 5:10,20,0,1002.36,90,0,0.965925826,0.258819045,0,1
1/20/2021 5:20,20,0,1002.44,90,0,0.965925826,0.258819045,0,1
1/20/2021 5:30,20,0,1002.54,89.7,0,0.965925826,0.258819045,0,1
1/20/2021 5:40,20,0,1002.69,88.56,0,0.965925826,0.258819045,0,1
1/20/2021 5:50,20,0,1002.81,88.27,0,0.965925826,0.258819045,0,1
1/20/2021 6:00,20,0,1002.88,88.9,0,1,6.12E-17,0,1
1/20/2021 6:10,20,0,1002.96,90,0,1,6.12E-17,0,1
1/20/2021 6:20,19.81,0,1002.98,91.01,0,1,6.12E-17,0,1
1/20/2021 6:30,19.55,0,1003.04,92.48,0,1,6.12E-17,0,1
1/20/2021 6:40,19.44,0,1002.99,93.19,0,1,6.12E-17,0,1
1/20/2021 6:50,19.23,0,1003.01,93.74,0,1,6.12E-17,0,1
1/20/2021 7:00,19.34,0,1003.08,94.5,0,0.965925826,-0.258819045,0,1
1/20/2021 7:10,19.65,0,1003.29,93.51,0,0.965925826,-0.258819045,0,1
1/20/2021 7:20,19.64,0,1003.57,93.23,0,0.965925826,-0.258819045,0,1
1/20/2021 7:30,19.82,0,1003.82,93.42,0,0.965925826,-0.258819045,0,1
1/20/2021 7:40,20,0,1004.12,92.62,0,0.965925826,-0.258819045,0,1
1/20/2021 7:50,20,0,1004.36,91.34,0,0.965925826,-0.258819045,0,1
1/20/2021 8:00,20,0,1004.52,90,0,0.866025404,-0.5,0,1
1/20/2021 8:10,21.58,0,1004.82,88.95,0,0.866025404,-0.5,0,1
1/20/2021 8:20,23.88,1.17,1005.42,82.18,0,0.866025404,-0.5,0,1
1/20/2021 8:30,25.2,1.61,1005.85,75.49,0,0.866025404,-0.5,0,1
1/20/2021 8:40,25.67,1.92,1006.13,71.99,0,0.866025404,-0.5,0,1
1/20/2021 8:50,26.07,1.89,1006.38,69.83,0,0.866025404,-0.5,0,1
1/20/2021 9:00,26.27,1.97,1006.55,67.94,0,0.707106781,-0.707106781,0,1
1/20/2021 9:10,26.59,2.34,1006.82,66.13,0,0.707106781,-0.707106781,0,1
1/20/2021 9:20,26.87,2.08,1007.03,65.56,0,0.707106781,-0.707106781,0,1
1/20/2021 9:30,27.38,2.06,1007.2,65.15,0,0.707106781,-0.707106781,0,1
1/20/2021 9:40,27.8,2.23,1007.5,64.58,0,0.707106781,-0.707106781,0,1
1/20/2021 9:50,27.9,2.33,1007.75,64.25,0,0.707106781,-0.707106781,0,1
1/20/2021 10:00,28.26,2.3,1008.08,62.45,0,0.5,-0.866025404,0,1
1/20/2021 10:10,28.07,2.35,1008.35,62.02,0,0.5,-0.866025404,0,1
1/20/2021 10:20,27.68,1.86,1008.36,62.94,0,0.5,-0.866025404,0,1
1/20/2021 10:30,27.97,2.13,1008.53,62.05,0,0.5,-0.866025404,0,1
1/20/2021 10:40,28.41,2.32,1008.73,60,0,0.5,-0.866025404,0,1
1/20/2021 10:50,28.72,2.01,1009.03,60,0,0.5,-0.866025404,0,1
1/20/2021 11:00,29.25,2.83,1009.16,58.66,0,0.258819045,-0.965925826,0,1
1/20/2021 11:10,28.21,2.75,1008.98,59.4,0,0.258819045,-0.965925826,0,1
1/20/2021 11:20,27,2.54,1008.28,63.66,0,0.258819045,-0.965925826,0,1
1/20/2021 11:30,27.46,2.87,1008.1,63.81,0,0.258819045,-0.965925826,0,1
1/20/2021 11:40,27.72,2.41,1008.03,62.91,0,0.258819045,-0.965925826,0,1
1/20/2021 11:50,27.81,2.97,1007.91,62.15,0,0.258819045,-0.965925826,0,1
1/20/2021 12:00,28.11,3.21,1007.9,61.01,0,1.22E-16,-1,0,1
1/20/2021 12:10,27.48,3.3,1007.63,62.04,0,1.22E-16,-1,0,1
1/20/2021 12:20,27.32,3.01,1007.45,62.74,0,1.22E-16,-1,0,1
1/20/2021 12:30,27.4,3.03,1007.32,62.23,0,1.22E-16,-1,0,1
1/20/2021 12:40,27.18,3.26,1007.15,61.92,0,1.22E-16,-1,0,1
1/20/2021 12:50,27.26,3.14,1007.02,62.4,0,1.22E-16,-1,0,1
1/20/2021 13:00,27.16,2.89,1006.85,62.81,0,-0.258819045,-0.965925826,0,1
1/20/2021 13:10,27.22,2.89,1006.67,64.2,0,-0.258819045,-0.965925826,0,1
1/20/2021 13:20,27.52,3.3,1006.72,62.23,0,-0.258819045,-0.965925826,0,1
1/20/2021 13:30,27.4,3.12,1006.63,62.35,0,-0.258819045,-0.965925826,0,1
1/20/2021 13:40,27.84,2.66,1006.53,62.38,0,-0.258819045,-0.965925826,0,1
1/20/2021 13:50,28.25,2.74,1006.55,61.32,0,-0.258819045,-0.965925826,0,1
1/20/2021 14:00,28.4,2.15,1006.47,60,0,-0.5,-0.866025404,0,1
1/20/2021 14:10,27.57,1.99,1006.23,64.46,0,-0.5,-0.866025404,0,1
1/20/2021 14:20,28.43,2.44,1006.17,61.6,0,-0.5,-0.866025404,0,1
1/20/2021 14:30,29.5,3.1,1006.22,56.6,0,-0.5,-0.866025404,0,1
1/20/2021 14:40,28.13,2.64,1005.85,60,0,-0.5,-0.866025404,0,1
1/20/2021 14:50,29.43,2.87,1005.77,56.24,0,-0.5,-0.866025404,0,1
1/20/2021 15:00,29.73,3.14,1005.85,54.47,0,-0.707106781,-0.707106781,0,1
1/20/2021 15:10,29.44,2.62,1005.82,54.27,0,-0.707106781,-0.707106781,0,1
1/20/2021 15:20,29.82,2.9,1005.84,53.01,0,-0.707106781,-0.707106781,0,1
1/20/2021 15:30,29.69,2.69,1005.87,53.09,0,-0.707106781,-0.707106781,0,1
1/20/2021 15:40,29.48,2.71,1005.94,53.13,0,-0.707106781,-0.707106781,0,1
1/20/2021 15:50,29.42,2.53,1006,52.88,0,-0.707106781,-0.707106781,0,1
1/20/2021 16:00,29.62,2.27,1006.12,51.74,0,-0.866025404,-0.5,0,1
1/20/2021 16:10,29.64,1.89,1006.22,51.88,0,-0.866025404,-0.5,0,1
1/20/2021 16:20,29.57,2.42,1006.25,52.36,0,-0.866025404,-0.5,0,1
1/20/2021 16:30,28.97,2.49,1006.23,53.45,0,-0.866025404,-0.5,0,1
1/20/2021 16:40,28.93,1.94,1006.25,53.51,0,-0.866025404,-0.5,0,1
1/20/2021 16:50,28.93,1.76,1006.35,53.57,0,-0.866025404,-0.5,0,1
1/20/2021 17:00,28.64,1.86,1006.38,53.93,0,-0.965925826,-0.258819045,0,1
1/20/2021 17:10,28.4,1.94,1006.38,55.54,0,-0.965925826,-0.258819045,0,1
1/20/2021 17:20,27.7,1.94,1006.25,58.57,0,-0.965925826,-0.258819045,0,1
1/20/2021 17:30,27.18,1.39,1005.9,60,0,-0.965925826,-0.258819045,0,1
1/20/2021 17:40,26.98,1.33,1005.99,62.39,0,-0.965925826,-0.258819045,0,1
1/20/2021 17:50,26.43,1.36,1005.79,64.24,0,-0.965925826,-0.258819045,0,1
1/20/2021 18:00,25.95,0,1005.62,66.36,0,-1,-1.84E-16,0,1
1/20/2021 18:10,25.02,0,1005.29,69.5,0,-1,-1.84E-16,0,1
1/20/2021 18:20,23.84,0,1004.79,73.53,0,-1,-1.84E-16,0,1
1/20/2021 18:30,23.03,0,1004.37,77.19,0,-1,-1.84E-16,0,1
1/20/2021 18:40,22.51,0,1004.12,79.99,0,-1,-1.84E-16,0,1
1/20/2021 18:50,22,0,1004.02,82.96,0,-1,-1.84E-16,0,1
1/20/2021 19:00,21.48,0,1003.94,85.57,0,-0.965925826,0.258819045,0,1
1/20/2021 19:10,21.13,0,1003.91,87.3,0,-0.965925826,0.258819045,0,1
1/20/2021 19:20,20,0,1003.92,88.72,0,-0.965925826,0.258819045,0,1
1/20/2021 19:30,20,0,1004.06,90,0,-0.965925826,0.258819045,0,1
1/20/2021 19:40,20,0,1004.17,91.49,0,-0.965925826,0.258819045,0,1
1/20/2021 19:50,20,0,1004.29,92.06,0,-0.965925826,0.258819045,0,1
1/20/2021 20:00,20,0,1004.36,92.38,0,-0.866025404,0.5,0,1
1/20/2021 20:10,20,0,1004.41,93.02,0,-0.866025404,0.5,0,1
1/20/2021 20:20,20,0,1004.57,93.4,0,-0.866025404,0.5,0,1
1/20/2021 20:30,20,0,1004.64,93.53,0,-0.866025404,0.5,0,1
1/20/2021 20:40,20,0,1004.69,94.02,0,-0.866025404,0.5,0,1
1/20/2021 20:50,20,0,1004.74,94.4,0,-0.866025404,0.5,0,1
1/20/2021 21:00,20,0,1004.84,94.81,0,-0.707106781,0.707106781,0,1
1/20/2021 21:10,20,0,1004.92,95.05,0,-0.707106781,0.707106781,0,1
1/20/2021 21:20,20,0,1004.97,95.19,0,-0.707106781,0.707106781,0,1
1/20/2021 21:30,20,0,1005,95.88,0,-0.707106781,0.707106781,0,1
1/20/2021 21:40,20,0,1005.04,96.2,0,-0.707106781,0.707106781,0,1
1/20/2021 21:50,20,0,1005.15,96.33,0,-0.707106781,0.707106781,0,1
1/20/2021 22:00,20,0,1005.15,96.37,0,-0.5,0.866025404,0,1
1/20/2021 22:10,20,0,1005.22,96.55,0,-0.5,0.866025404,0,1
1/20/2021 22:20,20,0,1005.22,96.17,0,-0.5,0.866025404,0,1
1/20/2021 22:30,19.97,0,1005.24,96.26,0,-0.5,0.866025404,0,1
1/20/2021 22:40,19.87,0,1005.25,96.55,0,-0.5,0.866025404,0,1
1/20/2021 22:50,19.76,0,1005.2,96.72,0,-0.5,0.866025404,0,1
1/20/2021 23:00,19.69,0,1005.2,97.05,0,-0.258819045,0.965925826,0,1
1/20/2021 23:10,19.68,0,1005.2,97.35,0,-0.258819045,0.965925826,0,1
1/20/2021 23:20,19.68,0,1005.2,97.47,0,-0.258819045,0.965925826,0,1
1/20/2021 23:30,19.64,0,1005.14,97.47,0,-0.258819045,0.965925826,0,1
1/20/2021 23:40,19.57,0,1005.04,97.48,0,-0.258819045,0.965925826,0,1
1/20/2021 23:50,19.46,0,1004.99,97.47,0,-0.258819045,0.965925826,0,1
1/21/2021 0:00,19.43,0,1004.94,97.73,0,0,1,0,1
1/21/2021 0:10,19.42,0,1004.9,97.75,0,0,1,0,1
1/21/2021 0:20,19.35,0,1004.92,97.78,0,0,1,0,1
1/21/2021 0:30,19.34,0,1004.94,98.01,0,0,1,0,1
1/21/2021 0:40,19.37,0,1004.92,98.06,0,0,1,0,1
1/21/2021 0:50,19.33,0,1004.82,98.05,0,0,1,0,1
1/21/2021 1:00,19.27,0,1004.8,97.98,0,0.258819045,0.965925826,0,1
1/21/2021 1:10,19.18,0,1004.77,98.08,0,0.258819045,0.965925826,0,1
1/21/2021 1:20,19.1,0,1004.64,98.1,0,0.258819045,0.965925826,0,1
1/21/2021 1:30,19.12,0,1004.56,98.34,0,0.258819045,0.965925826,0,1
1/21/2021 1:40,18.9,0,1004.46,97.98,0,0.258819045,0.965925826,0,1
1/21/2021 1:50,18.79,0,1004.31,98.33,0,0.258819045,0.965925826,0,1
1/21/2021 2:00,18.71,0,1004.17,98.52,0,0.5,0.866025404,0,1
1/21/2021 2:10,18.59,0,1004.02,98.43,0,0.5,0.866025404,0,1
1/21/2021 2:20,18.48,0,1003.92,98.59,0,0.5,0.866025404,0,1
1/21/2021 2:30,18.37,0,1003.89,98.71,0,0.5,0.866025404,0,1
1/21/2021 2:40,18.28,0,1003.81,98.95,0,0.5,0.866025404,0,1
1/21/2021 2:50,18.2,0,1003.74,99.13,0,0.5,0.866025404,0,1
1/21/2021 3:00,18.15,0,1003.76,99.29,0,0.707106781,0.707106781,0,1
1/21/2021 3:10,18.11,0,1003.72,99.43,0,0.707106781,0.707106781,0,1
1/21/2021 3:20,17.99,0,1003.61,99.42,0,0.707106781,0.707106781,0,1
1/21/2021 3:30,17.89,0,1003.46,99.43,0,0.707106781,0.707106781,0,1
1/21/2021 3:40,17.81,0,1003.39,99.48,0,0.707106781,0.707106781,0,1
1/21/2021 3:50,17.68,0,1003.31,99.49,0,0.707106781,0.707106781,0,1
1/21/2021 4:00,17.79,0,1003.29,99.67,0,0.866025404,0.5,0,1
1/21/2021 4:10,18.05,0,1003.34,99.67,0,0.866025404,0.5,0,1
1/21/2021 4:20,18.08,0,1003.31,99.67,0,0.866025404,0.5,0,1
1/21/2021 4:30,18.17,0,1003.36,99.67,0,0.866025404,0.5,0,1
1/21/2021 4:40,18.08,0,1003.38,99.64,0,0.866025404,0.5,0,1
1/21/2021 4:50,17.97,0,1003.33,99.67,0,0.866025404,0.5,0,1
1/21/2021 5:00,17.9,0,1003.38,99.64,0,0.965925826,0.258819045,0,1
1/21/2021 5:10,17.81,0,1003.41,99.68,0,0.965925826,0.258819045,0,1
1/21/2021 5:20,17.8,0,1003.39,99.68,0,0.965925826,0.258819045,0,1
1/21/2021 5:30,17.9,0,1003.43,99.68,0,0.965925826,0.258819045,0,1
1/21/2021 5:40,17.73,0,1003.46,99.68,0,0.965925826,0.258819045,0,1
1/21/2021 5:50,17.73,0,1003.54,99.68,0,0.965925826,0.258819045,0,1
1/21/2021 6:00,17.7,0,1003.66,99.68,0,1,6.12E-17,0,1
1/21/2021 6:10,17.54,0,1003.76,99.68,0,1,6.12E-17,0,1
1/21/2021 6:20,17.35,0,1003.76,99.68,0,1,6.12E-17,0,1
1/21/2021 6:30,17.3,0,1003.86,99.68,0,1,6.12E-17,0,1
1/21/2021 6:40,17.48,0,1004.07,99.68,0,1,6.12E-17,0,1
1/21/2021 6:50,17.63,0,1004.29,99.68,0,1,6.12E-17,0,1
1/21/2021 7:00,17.7,0,1004.42,99.68,0,0.965925826,-0.258819045,0,1
1/21/2021 7:10,17.69,0,1004.59,99.68,0,0.965925826,-0.258819045,0,1
1/21/2021 7:20,17.43,0,1004.71,99.61,0,0.965925826,-0.258819045,0,1
1/21/2021 7:30,17.5,0,1004.77,99.59,0,0.965925826,-0.258819045,0,1
1/21/2021 7:40,18.26,0,1004.94,99.29,0,0.965925826,-0.258819045,0,1
1/21/2021 7:50,19.4,0,1005.22,97.34,0,0.965925826,-0.258819045,0,1
1/21/2021 8:00,20,0,1005.54,93.79,0,0.866025404,-0.5,0,1
1/21/2021 8:10,21.78,0,1005.94,91.29,0,0.866025404,-0.5,0,1
1/21/2021 8:20,22.87,0,1006.27,87.33,0,0.866025404,-0.5,0,1
1/21/2021 8:30,23.49,0,1006.58,80,0,0.866025404,-0.5,0,1
1/21/2021 8:40,24.14,0,1006.92,77.39,0,0.866025404,-0.5,0,1
1/21/2021 8:50,24.97,0,1007.3,73.51,0,0.866025404,-0.5,0,1
1/21/2021 9:00,25.38,0,1007.63,71.49,0,0.707106781,-0.707106781,0,1
1/21/2021 9:10,25.96,0,1007.95,68.44,0,0.707106781,-0.707106781,0,1
1/21/2021 9:20,26.5,0,1008.13,66.42,0,0.707106781,-0.707106781,0,1
1/21/2021 9:30,27.11,1.22,1008.26,65.69,0,0.707106781,-0.707106781,0,1
1/21/2021 9:40,27.59,1.34,1008.41,63.76,0,0.707106781,-0.707106781,0,1
1/21/2021 9:50,28.28,1.24,1008.65,61.57,0,0.707106781,-0.707106781,0,1
1/21/2021 10:00,28.58,1.3,1008.93,58.73,0,0.5,-0.866025404,0,1
1/21/2021 10:10,29.27,1,1009.39,56.15,0,0.5,-0.866025404,0,1
1/21/2021 10:20,29.5,1.41,1010,54.83,0,0.5,-0.866025404,0,1
1/21/2021 10:30,29.38,1.98,1010,54.39,0,0.5,-0.866025404,0,1
1/21/2021 10:40,29.27,1.82,1010,54.69,0,0.5,-0.866025404,0,1
1/21/2021 10:50,29.49,2.16,1010,54.05,0,0.5,-0.866025404,0,1
1/21/2021 11:00,29.33,2.35,1010,53.17,0,0.258819045,-0.965925826,0,1
1/21/2021 11:10,29.58,2.45,1010,53.4,0,0.258819045,-0.965925826,0,1
1/21/2021 11:20,29.94,1.69,1010,52.1,0,0.258819045,-0.965925826,0,1
1/21/2021 11:30,30,1.91,1010,50,0,0.258819045,-0.965925826,0,1
1/21/2021 11:40,30,2.36,1010,49.7,0,0.258819045,-0.965925826,0,1
1/21/2021 11:50,30,2.31,1010,49.7,0,0.258819045,-0.965925826,0,1
1/21/2021 12:00,30,2.35,1009.91,49.21,0,1.22E-16,-1,0,1
1/21/2021 12:10,30,2.12,1009.41,49.72,0,1.22E-16,-1,0,1
1/21/2021 12:20,30,2.97,1009.21,48.65,0,1.22E-16,-1,0,1
1/21/2021 12:30,30,2.52,1008.99,48.02,0,1.22E-16,-1,0,1
1/21/2021 12:40,30,2.51,1008.7,48.12,0,1.22E-16,-1,0,1
1/21/2021 12:50,30,3.63,1008.36,47.59,0,1.22E-16,-1,0,1
1/21/2021 13:00,30,2.45,1008.11,47.17,0,-0.258819045,-0.965925826,0,1
1/21/2021 13:10,31.03,3.05,1007.91,45.81,0,-0.258819045,-0.965925826,0,1
1/21/2021 13:20,30,3.17,1007.75,44.86,0,-0.258819045,-0.965925826,0,1
1/21/2021 13:30,30,3.25,1007.55,44.74,0,-0.258819045,-0.965925826,0,1
1/21/2021 13:40,30,3.63,1007.33,44.21,0,-0.258819045,-0.965925826,0,1
1/21/2021 13:50,30,3.98,1007.08,44.16,0,-0.258819045,-0.965925826,0,1
1/21/2021 14:00,30,3.27,1006.87,44.67,0,-0.5,-0.866025404,0,1
1/21/2021 14:10,30,3.76,1006.72,43.36,0,-0.5,-0.866025404,0,1
1/21/2021 14:20,30,3.74,1006.48,44.27,0,-0.5,-0.866025404,0,1
1/21/2021 14:30,30,3.71,1006.32,44,0,-0.5,-0.866025404,0,1
1/21/2021 14:40,30,3.87,1006.15,44.81,0,-0.5,-0.866025404,0,1
1/21/2021 14:50,30,4.01,1005.92,46.29,0,-0.5,-0.866025404,0,1
1/21/2021 15:00,30,3.63,1005.89,47.13,0,-0.707106781,-0.707106781,0,1
1/21/2021 15:10,30,3.59,1005.92,47.88,0,-0.707106781,-0.707106781,0,1
1/21/2021 15:20,30,3.44,1006.02,47.4,0,-0.707106781,-0.707106781,0,1
1/21/2021 15:30,30,3.46,1006.12,48.09,0,-0.707106781,-0.707106781,0,1
1/21/2021 15:40,30,3.33,1006.2,47.96,0,-0.707106781,-0.707106781,0,1
1/21/2021 15:50,30,2.99,1006.25,47.69,0,-0.707106781,-0.707106781,0,1
1/21/2021 16:00,30,3.22,1006.3,48.17,0,-0.866025404,-0.5,0,1
1/21/2021 16:10,29.93,2.51,1006.35,48.34,0,-0.866025404,-0.5,0,1
1/21/2021 16:20,29.92,2.73,1006.47,47.75,0,-0.866025404,-0.5,0,1
1/21/2021 16:30,29.87,2.35,1006.53,47.54,0,-0.866025404,-0.5,0,1
1/21/2021 16:40,29.69,2.39,1006.62,48.01,0,-0.866025404,-0.5,0,1
1/21/2021 16:50,29.5,2.23,1006.6,47.59,0,-0.866025404,-0.5,0,1
1/21/2021 17:00,29.29,1.94,1006.58,49.09,0,-0.965925826,-0.258819045,0,1
1/21/2021 17:10,29.33,1.46,1006.65,48.93,0,-0.965925826,-0.258819045,0,1
1/21/2021 17:20,29.16,1.19,1006.68,48.92,0,-0.965925826,-0.258819045,0,1
1/21/2021 17:30,28.99,1.39,1006.68,50,0,-0.965925826,-0.258819045,0,1
1/21/2021 17:40,28.22,1.68,1006.57,52.55,0,-0.965925826,-0.258819045,0,1
1/21/2021 17:50,27.65,0,1006.37,55.64,0,-0.965925826,-0.258819045,0,1
1/21/2021 18:00,27.08,0,1006.23,58.16,0,-1,-1.84E-16,0,1
1/21/2021 18:10,25.85,0,1005.79,62.83,0,-1,-1.84E-16,0,1
1/21/2021 18:20,24.37,0,1005.17,68.84,0,-1,-1.84E-16,0,1
1/21/2021 18:30,23.55,0,1004.71,74.08,0,-1,-1.84E-16,0,1
1/21/2021 18:40,22.9,0,1004.51,77.44,0,-1,-1.84E-16,0,1
1/21/2021 18:50,22.47,0,1004.42,80,0,-1,-1.84E-16,0,1
1/21/2021 19:00,22.07,0,1004.39,82.04,0,-0.965925826,0.258819045,0,1
1/21/2021 19:10,21.63,0,1004.44,83.74,0,-0.965925826,0.258819045,0,1
1/21/2021 19:20,21.26,0,1004.49,85.21,0,-0.965925826,0.258819045,0,1
1/21/2021 19:30,20,0,1004.52,86.77,0,-0.965925826,0.258819045,0,1
1/21/2021 19:40,20,0,1004.67,87.95,0,-0.965925826,0.258819045,0,1
1/21/2021 19:50,20,0,1004.8,88.86,0,-0.965925826,0.258819045,0,1
1/21/2021 20:00,20,0,1004.94,89.84,0,-0.866025404,0.5,0,1
1/21/2021 20:10,20,0,1005.04,90,0,-0.866025404,0.5,0,1
1/21/2021 20:20,20,0,1005.24,90,0,-0.866025404,0.5,0,1
1/21/2021 20:30,20,0,1005.39,90,0,-0.866025404,0.5,0,1
1/21/2021 20:40,20,0,1005.47,90,0,-0.866025404,0.5,0,1
1/21/2021 20:50,20,0,1005.57,91.67,0,-0.866025404,0.5,0,1
1/21/2021 21:00,20,0,1005.6,92.43,0,-0.707106781,0.707106781,0,1
1/21/2021 21:10,20,0,1005.67,92.78,0,-0.707106781,0.707106781,0,1
1/21/2021 21:20,20,0,1005.72,93.09,0,-0.707106781,0.707106781,0,1
1/21/2021 21:30,20,0,1005.77,93.5,0,-0.707106781,0.707106781,0,1
1/21/2021 21:40,20,0,1005.82,93.9,0,-0.707106781,0.707106781,0,1
1/21/2021 21:50,20,0,1005.87,94.29,0,-0.707106781,0.707106781,0,1
1/21/2021 22:00,20,0,1005.89,94.36,0,-0.5,0.866025404,0,1
1/21/2021 22:10,20,0,1005.89,94.12,0,-0.5,0.866025404,0,1
1/21/2021 22:20,20,0,1005.89,93.99,0,-0.5,0.866025404,0,1
1/21/2021 22:30,20,0,1005.9,94.7,0,-0.5,0.866025404,0,1
1/21/2021 22:40,20,0,1005.95,95.04,0,-0.5,0.866025404,0,1
1/21/2021 22:50,21.5,0,1006.12,93.56,0,-0.5,0.866025404,0,1
1/21/2021 23:00,21.76,0,1006.13,92.13,0,-0.258819045,0.965925826,0,1
1/21/2021 23:10,21.83,0,1006.18,91.6,0,-0.258819045,0.965925826,0,1
1/21/2021 23:20,21.52,0,1006.22,91.39,0,-0.258819045,0.965925826,0,1
1/21/2021 23:30,21.09,0,1006.17,91.79,0,-0.258819045,0.965925826,0,1
1/21/2021 23:40,20,0,1006.09,92.31,0,-0.258819045,0.965925826,0,1
1/21/2021 23:50,20,0,1006.02,93.62,0,-0.258819045,0.965925826,0,1
1/22/2021 0:00,20,0,1005.95,94.08,0,0,1,0,1
1/22/2021 0:10,20,0,1005.92,94.07,0,0,1,0,1
1/22/2021 0:20,19.98,0,1005.9,94.89,0,0,1,0,1
1/22/2021 0:30,19.86,0,1005.87,95.57,0,0,1,0,1
1/22/2021 0:40,19.72,0,1005.82,95.84,0,0,1,0,1
1/22/2021 0:50,19.55,0,1005.69,96.16,0,0,1,0,1
1/22/2021 1:00,19.38,0,1005.57,96.65,0,0.258819045,0.965925826,0,1
1/22/2021 1:10,19.38,0,1005.47,97.4,0,0.258819045,0.965925826,0,1
1/22/2021 1:20,19.29,0,1005.37,97.28,0,0.258819045,0.965925826,0,1
1/22/2021 1:30,19.12,0,1005.25,97.38,0,0.258819045,0.965925826,0,1
1/22/2021 1:40,19.03,0,1005.14,97.64,0,0.258819045,0.965925826,0,1
1/22/2021 1:50,18.95,0,1005.07,97.8,0,0.258819045,0.965925826,0,1
1/22/2021 2:00,18.93,0,1004.92,98.16,0,0.5,0.866025404,0,1
1/22/2021 2:10,18.82,0,1004.82,98.13,0,0.5,0.866025404,0,1
1/22/2021 2:20,18.68,0,1004.71,98.27,0,0.5,0.866025404,0,1
1/22/2021 2:30,18.65,0,1004.62,98.53,0,0.5,0.866025404,0,1
1/22/2021 2:40,18.56,0,1004.49,98.44,0,0.5,0.866025404,0,1
1/22/2021 2:50,18.54,0,1004.42,98.7,0,0.5,0.866025404,0,1
1/22/2021 3:00,18.54,0,1004.41,98.56,0,0.707106781,0.707106781,0,1
1/22/2021 3:10,18.37,0,1004.32,98.26,0,0.707106781,0.707106781,0,1
1/22/2021 3:20,18.27,0,1004.31,98.39,0,0.707106781,0.707106781,0,1
1/22/2021 3:30,18.35,1.05,1004.27,98.58,0,0.707106781,0.707106781,0,1
1/22/2021 3:40,18.39,0,1004.27,98.45,0,0.707106781,0.707106781,0,1
1/22/2021 3:50,18.42,0,1004.34,98.39,0,0.707106781,0.707106781,0,1
1/22/2021 4:00,18.78,1.25,1004.37,98.08,0,0.866025404,0.5,0,1
1/22/2021 4:10,19.47,1.52,1004.54,95.28,0,0.866025404,0.5,0,1
1/22/2021 4:20,19.88,1.7,1004.62,92.59,0,0.866025404,0.5,0,1
1/22/2021 4:30,20,1.87,1004.56,90,0,0.866025404,0.5,0,1
1/22/2021 4:40,20,1.82,1004.72,88.64,0,0.866025404,0.5,0,1
1/22/2021 4:50,20,1.44,1004.89,88.08,0,0.866025404,0.5,0,1
1/22/2021 5:00,20,1.46,1004.95,87.6,0,0.965925826,0.258819045,0,1
1/22/2021 5:10,20,1.44,1005.04,87.82,0,0.965925826,0.258819045,0,1
1/22/2021 5:20,20,1.75,1005.07,88.19,0,0.965925826,0.258819045,0,1
1/22/2021 5:30,20,1.67,1005.09,87.73,0,0.965925826,0.258819045,0,1
1/22/2021 5:40,20,1.77,1005.22,86.93,0,0.965925826,0.258819045,0,1
1/22/2021 5:50,20,1.56,1005.19,86.68,0,0.965925826,0.258819045,0,1
1/22/2021 6:00,20,1.3,1005.24,87.06,0,1,6.12E-17,0,1
1/22/2021 6:10,20,0,1005.35,87.98,0,1,6.12E-17,0,1
1/22/2021 6:20,19.85,0,1005.49,88.08,0,1,6.12E-17,0,1
1/22/2021 6:30,19.8,1.07,1005.59,87.03,0,1,6.12E-17,0,1
1/22/2021 6:40,20,1.66,1005.84,83.34,0,1,6.12E-17,0,1
1/22/2021 6:50,20,1.48,1006.07,81.35,0,1,6.12E-17,0,1
1/22/2021 7:00,20,2.09,1006.18,79.14,0,0.965925826,-0.258819045,0,1
1/22/2021 7:10,21.19,2.1,1006.4,77.32,0,0.965925826,-0.258819045,0,1
1/22/2021 7:20,21.39,2.01,1006.65,76.11,0,0.965925826,-0.258819045,0,1
1/22/2021 7:30,21.85,2.08,1006.83,74.02,0,0.965925826,-0.258819045,0,1
1/22/2021 7:40,22.68,2.4,1007.02,71.33,0,0.965925826,-0.258819045,0,1
1/22/2021 7:50,23.41,2.27,1007.25,68.78,0,0.965925826,-0.258819045,0,1
1/22/2021 8:00,23.98,1.71,1007.51,66.98,0,0.866025404,-0.5,0,1
1/22/2021 8:10,24.52,1.91,1007.81,65.08,0,0.866025404,-0.5,0,1
1/22/2021 8:20,24.86,2.13,1008.1,63.18,0,0.866025404,-0.5,0,1
